Stock,Shares,Avg_Buy_Price,Last_Price,Investment,Current_Value,Profit_Loss_Pct
KINGFA.NS,2.2299317299540404,4482.2,6482.5,9995.0,14455.532439427066,44.62763821337735
GVT&D.NS,2.7650215779572864,3614.8,4201.0,9995.0,11615.85564899856,16.2166648223968
544310.NS,21.50618612157073,464.75,1076.7,9995.0,23155.710597095207,131.67294244217317
HINDCOPPER.NS,16.726633754497534,597.55,472.65,9995.0,7905.843444063259,-20.902016567651234
NATIONALUM.NS,27.11243727112437,368.65,340.95,9995.0,9243.985487589855,-7.513902075139025
QPOWER.NS,12.562056180481369,795.65,1584.8,9995.0,19908.346634826874,99.18305787720735
HAPPYFORGE.NS,7.909313919442906,1263.7,2067.2,9995.0,16350.133734272373,63.58312890717731
524717.NS,39.38916256157636,253.75,393.75,9995.0,15509.482758620692,55.17241379310347
ATLANTAELE.NS,9.273089947580832,1077.85,1608.1,9995.0,14912.055944704736,49.19515702556014
SHREEJISPG.NS,29.898294944660485,334.3,770.4,9995.0,23033.646425366438,130.45169009871373
ACCENTMIC.NS,23.553670319311887,424.35,674.65,9995.0,15890.483680923764,58.9843289737245
MONOLITH.NS,21.45079944200021,465.95,1281.4,9995.0,27487.054404979073,175.00804807382764
CGPOWER.NS,12.54628757923806,796.65,854.2,9995.0,10717.03885018515,7.2240005021025535
KPL.NS,6.094140601182855,1640.1,3641.4,9995.0,22191.20358514725,122.02304737516008
SILVERTUC.NS,61.16142455023866,163.42,140.49,9995.0,8592.56853506303,-14.031330314526963
NETWEB.NS,2.458915567801614,4064.8,4548.0,9995.0,11183.14800236174,11.887423735485147
NITTAGELA.NS,8.853751439454335,1128.9,1678.6,9995.0,14861.907166268045,48.693418371866386
STYLAMIND.NS,4.301514890686866,2323.6,3308.7,9995.0,14232.422318815632,42.39542089860562
APCOTEXIND.NS,19.546299012418107,511.35,595.6,9995.0,11641.775691796225,16.47599491541996
GVPIL.NS,14.809601422432952,674.9,678.4,9995.0,10046.833604978514,0.5185953474588685
PARKHOSPS.NS,40.5756505500751,246.33,274.95,9995.0,11156.27511874315,11.618560467665327
544037.NS,6.066583715213499,1647.55,2389.4,9995.0,14495.495129131134,45.02746502382325
RPEL.NS,11.64172150719236,858.55,1809.0,9995.0,21059.87420651098,110.70409411216589
EMMVEE.NS,38.420142225639054,260.15,315.9,9995.0,12136.922929079376,21.42994426292522
SEAMECLTD.NS,6.4004866803278695,1561.6,1641.6,9995.0,10507.03893442623,5.12295081967213
ANONDITA.NS,9.061239291056616,1103.05,1084.6,9995.0,9827.820135080005,-1.6726349666832963
MAYURUNIQ.NS,13.365873228135866,747.8,734.35,9995.0,9815.229005081574,-1.7986092538111693
POWERINDIA.NS,0.2776774552021114,35995.0,30630.0,9995.0,8505.260452840672,-14.904847895541051
UNIPARTS.NS,16.456738289289536,607.35,836.0,9995.0,13757.833209846052,37.647155676298674
CPPLUS.NS,3.7865585694802246,2639.6,3846.5,9995.0,14564.997537505684,45.72283679345357
RUBICON.NS,9.93933969769292,1005.6,1619.4,9995.0,16095.766706443917,61.038186157517934
515008.NS,23.2983682983683,429.0,428.9,9995.0,9992.670163170164,-0.02331002331001996
TINNARUBR.NS,12.438553916993342,803.55,952.1,9995.0,11842.747184369362,18.486715201294267
GOLDIAM.NS,23.14997104806022,431.75,313.45,9995.0,7256.358425014476,-27.400115807759125
HSCL.NS,15.56853582554517,642.0,677.8,9995.0,10552.353582554517,5.576323987538938
ITDC.NS,16.96511923958245,589.15,687.65,9995.0,11666.06424509887,16.71900195196469
RAMCOSYS.NS,17.776789684304134,562.25,554.6,9995.0,9859.007558915073,-1.3606047132058743
INOXINDIA.NS,6.330757537370155,1578.8,2052.5,9995.0,12993.879845452242,30.003800354699774
CAPLIPOINT.NS,4.431979425328131,2255.2,2716.4,9995.0,12039.028910961335,20.45051436679675
526433.NS,3.0213717844079686,3308.1,6759.75,9995.0,20423.717919651765,104.33934887095313
BLUEJET.NS,20.05216170127395,498.45,538.05,9995.0,10789.065603370447,7.944628347878411
VIJAYA.NS,7.81347717323327,1279.2,1437.7,9995.0,11233.436131957473,12.390556597873664
VADILALIND.NS,1.663255287637495,6009.3,7253.0,9995.0,12063.590601234751,20.69625413941722
OFSS.NS,1.066360823642377,9373.0,10630.0,9995.0,11335.415555318466,13.410860983676503
SUDEEPPHRM.NS,12.150498419645029,822.6,1205.8,9995.0,14651.070994407975,46.58400194505228
AGI.NS,14.236877715262446,702.05,804.4,9995.0,11452.144434157111,14.578733708425325
VIVIDEL.NS,8.652181440443213,1155.2,1731.0,9995.0,14976.926073407201,49.84418282548476
MACPOWER.NS,8.455649084218097,1182.05,2096.0,9995.0,17723.04048052113,77.31906433737998
STYL.NS,30.53773296669722,327.3,369.95,9995.0,11297.434311029636,13.030858539566143
LODHA.NS,10.072558702005445,992.3,1135.0,9995.0,11432.35412677618,14.380731633578584
ARROWGREEN.NS,15.29573800596832,653.45,856.05,9995.0,13093.91652000918,31.004667533858722
CORONA.NS,4.941170654538264,2022.8,2093.4,9995.0,10343.846648210403,3.4902115878979805
FERMENTA.NS,24.88484999377568,401.65,549.7,9995.0,13679.202041578494,36.860450641105494
SOLARINDS.NS,0.5480676434462186,18236.8,19700.0,9995.0,10796.932575890507,8.023337427618879
MENONBE.NS,55.52777777777778,180.0,296.2,9995.0,16447.327777777777,64.55555555555554
MPSLTD.NS,4.860317537503952,2056.45,2699.0,9995.0,13117.997033723166,31.24559313379856
BEPL.NS,88.74977801456224,112.62,124.4,9995.0,11040.472385011542,10.45995382702894
ADOR.NS,6.753378378378378,1480.0,1591.8,9995.0,10750.027702702702,7.554054054054051
PRUDENT.NS,3.2351513189836543,3089.5,3129.2,9995.0,10123.43550736365,1.2849975724227183
TAALTECH.NS,2.546431938039796,3925.1,1001.0,9995.0,2548.978369977836,-74.497465032738
DEEPINDS.NS,19.7159483183746,506.95,755.95,9995.0,14904.27113127528,49.11726994772666
512014.NS,9.897509531118482,1009.85,1275.0,9995.0,12619.324652176065,26.256374709115203
NGLFINE.NS,3.035410592808552,3292.8,2909.5,9995.0,8831.527119776483,-11.640549076773555
ALIVUS.NS,7.482407546039827,1335.8,1379.3,9995.0,10320.484728252733,3.256475520287479
ELANTAS.NS,0.8560221306771952,11676.1,13839.0,9995.0,11846.490266441704,18.524164746790436
MANYAVAR.NS,19.817586993159512,504.35,535.1,9995.0,10604.390800039655,6.096956478635867
ROLEXRINGS.NS,65.41230366492147,152.8,190.09,9995.0,12434.224803664922,24.404450261780106
DIVISLAB.NS,1.1707859903947522,8537.0,9291.5,9995.0,10878.35802975284,8.837999297176994
TIIL.NS,3.4304051619103184,2913.65,2900.9,9995.0,9951.262334185643,-0.43759545587150234
KENNAMET.NS,2.83940797136445,3520.1,4131.0,9995.0,11729.594329706542,17.35462060736911
SHUKRAPHAR.NS,241.250301713734,41.43,62.09,9995.0,14979.231233405744,49.86724595703596
KMCSHIL.NS,73.43864805290228,136.1,171.14,9995.0,12568.290227773696,25.745775165319618
SYNCOMF.NS,645.671834625323,15.48,25.08,9995.0,16193.4496124031,62.01550387596898
ENGINERSIN.NS,39.21914851873651,254.85,309.6,9995.0,12142.248381400825,21.48322542672161
SHRIAHIMSA.NS,22.93746414228342,435.75,438.0,9995.0,10046.609294320138,0.5163511187607639
DANISH.NS,11.75191064079953,850.5,967.0,9995.0,11364.097589653145,13.697824808935922
SUPRIYA.NS,11.881835473133618,841.2,950.25,9995.0,11290.714158345221,12.963623395149787
RPGLIFE.NS,3.7682853264967577,2652.4,3037.1,9995.0,11444.659365103302,14.503845573819927
SHANTIGEAR.NS,17.14996568291009,582.8,579.9,9995.0,9945.26509951956,-0.4975978037062536
SACHEEROME.NS,21.945328795696565,455.45,465.0,9995.0,10204.577889998902,2.096827313645841
EMCURE.NS,5.1852043992529575,1927.6,1943.0,9995.0,10074.852147748496,0.7989209379539326
ACE.NS,8.914555833036033,1121.2,1232.0,9995.0,10982.732786300392,9.882268997502672
544844.NS,14.82168013642767,674.35,809.65,9995.0,12000.373322458663,20.063765107140203
530477.NS,30.90599876314162,323.4,436.2,9995.0,13481.196660482376,34.879406307977746
523160.NS,5.005508814102564,1996.8,1984.0,9995.0,9930.929487179486,-0.641025641025649
POWERICA.NS,17.954014729656905,556.7,600.6,9995.0,10783.181246631937,7.885755343991366
GRAUWEIL.NS,126.37501580477937,79.09,82.77,9995.0,10460.060058161587,4.6529270451384415
INDOMIM.NS,9.465858509328534,1055.9,1242.45,9995.0,11760.855904915237,17.667392745525135
ENRIN.NS,3.09634448574969,3228.0,3200.0,9995.0,9908.302354399008,-0.86741016109047
LALPATHLAB.NS,5.2046448656529885,1920.4,1987.0,9995.0,10341.629348052487,3.4680274942720093
ETL.NS,8.940071556350626,1118.0,1225.0,9995.0,10951.587656529517,9.570661896243287
JAGSNPHARM.NS,40.96815182194532,243.97,237.74,9995.0,9739.768414149281,-2.553592654834608
539682.NS,33.47847931669737,298.55,300.15,9995.0,10048.565566906715,0.5359236308825873
544406.NS,19.95607467305581,500.85,526.95,9995.0,10515.85354896676,5.211141060197692
KRISHNADEF.NS,9.866732477788746,1013.0,1032.8,9995.0,10190.361303060217,1.9545903257650556
GLASSWALL.NS,34.8804746117606,286.55,282.0,9995.0,9836.293840516488,-1.5878555225964204
GRINDWELL.NS,5.012286244421042,1994.1,1994.1,9995.0,9995.0,0.0
THEJO.NS,4.594557322791211,2175.4,2175.4,9995.0,9995.0,0.0
